{"cameraMode":{"drawMode":0,"name":"Shaded","section":"Shading Mode"},"sceneLighting":true,"audioPlay":false,"sceneViewState":{"showFog":true,"showMaterialUpdate":false,"showSkybox":true,"showFlares":true,"showImageEffects":true,"showParticleSystems":true},"in2DMode":false,"pivot":{"x":-1.2294869422912598,"y":-2.2870359420776369,"z":-1.6719493865966797},"rotation":{"x":-0.04175746813416481,"y":0.9566690325737,"z":-0.22986866533756257,"w":-0.1737874448299408},"size":14.457189559936524,"orthographic":false}